Id;OrderDate;CustomerId;TotalAmount;OrderNumber
1;21/07/2019 09:55;85;440.00;542378
2;15/11/2019 04:34;79;1863.40;542379
3;03/11/2018 14:13;34;1813.00;542380
4;20/06/2019 10:31;84;670.80;542381
5;14/12/2018 07:04;76;3730.00;542382
6;21/07/2019 15:52;34;1444.80;542383
7;17/01/2019 07:17;14;625.20;542384
8;06/10/2019 00:53;68;2490.50;542385
9;24/10/2019 03:44;88;517.80;542386
10;06/08/2019 02:05;35;1119.90;542387
11;18/01/2020 22:23;20;2018.60;542388
12;07/08/2019 06:46;13;100.80;542389
13;09/05/2019 13:49;56;1746.20;542390
14;23/06/2019 23:52;61;448.00;542391
15;24/02/2019 16:03;65;624.80;542392
16;30/10/2018 07:46;20;2464.80;542393
17;21/11/2019 02:46;24;724.50;542394
18;28/05/2019 22:39;7;1176.00;542395
19;15/11/2018 08:03;87;364.80;542396
20;05/05/2019 08:27;25;4031.00;542397
21;29/11/2019 04:13;33;1101.20;542398
22;31/08/2019 16:51;89;676.00;542399
23;07/02/2020 22:41;87;1376.00;542400
24;30/08/2019 12:01;75;48.00;542401
25;04/07/2019 15:08;65;1456.00;542402
26;20/01/2020 14:43;63;2142.40;542403
27;21/11/2019 01:21;85;538.60;542404
28;06/02/2019 20:41;49;307.20;542405
29;14/01/2019 15:28;80;420.00;542406
30;24/05/2019 14:24;52;1200.80;542407
31;05/09/2019 11:43;5;1488.80;542408
32;13/01/2020 01:31;44;468.00;542409
33;08/04/2019 17:34;5;613.20;542410
34;08/06/2019 23:24;69;86.50;542411
35;14/03/2019 02:26;69;155.40;542412
36;11/03/2019 13:03;46;1414.80;542413
37;14/11/2019 09:06;44;1452.00;542414
38;30/11/2019 03:27;63;2179.20;542415
39;12/10/2019 00:02;63;3016.00;542416
40;23/12/2018 00:00;67;924.00;542417
41;27/09/2018 11:57;66;89.00;542418
42;17/12/2019 23:55;11;479.40;542419
43;16/01/2020 19:51;15;2169.00;542420
44;26/02/2020 13:35;61;552.80;542421
45;13/10/2018 05:28;81;1296.00;542422
46;05/01/2020 00:45;80;848.70;542423
47;28/02/2020 19:25;65;1887.60;542424
48;28/11/2018 19:59;85;121.60;542425
49;11/12/2018 18:45;46;1050.60;542426
50;04/07/2019 08:56;7;1420.00;542427
51;30/10/2018 09:34;37;3127.00;542428
52;28/10/2018 09:08;67;349.50;542429
53;20/02/2019 16:06;49;608.00;542430
54;18/01/2019 15:10;86;755.00;542431
55;03/05/2019 02:42;76;2708.80;542432
56;09/05/2019 02:06;30;1242.00;542433
57;29/07/2018 12:32;80;954.40;542434
58;13/09/2019 09:29;55;4157.00;542435
59;24/03/2019 17:58;69;498.50;542436
60;18/07/2018 12:27;48;424.00;542437
61;03/12/2019 09:29;2;88.80;542438
62;28/09/2018 05:13;37;1762.00;542439
63;26/10/2018 22:44;77;336.00;542440
64;21/05/2019 01:09;18;268.80;542441
65;07/08/2018 06:41;86;1614.80;542442
66;21/09/2019 07:05;63;182.40;542443
67;06/04/2019 23:30;65;2327.00;542444
68;29/08/2018 23:20;38;516.80;542445
69;16/09/2018 10:17;65;2835.00;542446
70;26/01/2019 04:32;48;288.00;542447
71;17/01/2019 01:56;38;240.40;542448
72;10/07/2019 19:10;80;1191.20;542449
73;14/08/2018 15:11;87;516.00;542450
74;28/05/2019 19:31;38;144.00;542451
75;23/04/2019 01:12;58;112.00;542452
76;30/10/2019 18:30;39;164.40;542453
77;13/05/2019 14:03;71;6155.90;542454
78;02/11/2018 13:52;39;1497.00;542455
79;17/04/2019 15:18;8;982.00;542456
80;09/10/2019 21:03;24;2262.50;542457
81;14/02/2019 08:25;28;1168.00;542458
82;27/06/2019 15:04;75;4819.40;542459
83;22/11/2019 12:14;46;1940.00;542460
84;19/02/2019 13:03;9;88.50;542461
85;14/03/2019 16:42;51;2233.60;542462
86;05/02/2020 19:26;87;954.00;542463
87;06/05/2019 07:11;84;144.80;542464
88;14/08/2019 13:47;37;2545.20;542465
89;19/11/2019 09:26;60;316.80;542466
90;13/09/2018 02:56;25;2467.00;542467
91;23/09/2018 11:30;55;934.50;542468
92;18/01/2019 23:49;51;3463.20;542469
93;20/11/2018 22:44;9;2564.40;542470
94;19/10/2018 17:18;73;412.00;542471
95;04/11/2018 17:26;25;2300.80;542472
96;30/04/2019 10:21;44;1586.00;542473
97;06/12/2019 09:37;89;2856.00;542474
98;21/10/2019 14:07;63;2924.80;542475
99;21/01/2019 03:53;65;1731.20;542476
100;22/01/2019 13:12;21;928.00;542477
101;22/08/2019 05:26;86;396.00;542478
102;26/02/2019 08:43;75;141.60;542479
103;19/01/2020 15:21;41;713.40;542480
104;30/03/2019 10:45;20;5677.60;542481
105;03/04/2019 19:47;28;154.00;542482
106;20/01/2020 17:47;59;10741.60;542483
107;16/12/2018 13:44;58;568.80;542484
108;05/07/2019 16:25;4;480.00;542485
109;22/10/2018 14:00;86;1106.40;542486
110;15/09/2018 08:53;46;1360.00;542487
111;13/08/2018 01:30;41;452.00;542488
112;24/02/2020 17:01;72;3654.40;542489
113;03/09/2019 03:40;7;7390.20;542490
114;02/06/2019 14:25;63;2273.60;542491
115;02/08/2019 12:10;9;1549.60;542492
116;30/06/2019 03:42;17;447.20;542493
117;15/07/2018 16:08;19;950.00;542494
118;30/01/2019 22:40;3;403.20;542495
119;17/08/2019 03:04;29;136.00;542496
120;06/01/2019 16:29;83;834.20;542497
121;26/05/2019 13:18;20;1834.20;542498
122;09/10/2019 03:10;75;2527.20;542499
123;16/10/2018 21:02;14;1174.00;542500
124;13/07/2019 00:49;41;91.20;542501
125;29/05/2019 10:06;62;12281.20;542502
126;15/12/2019 23:10;37;1708.00;542503
127;12/09/2019 10:37;91;459.00;542504
128;16/02/2020 06:45;36;338.00;542505
129;05/09/2019 22:59;51;420.00;542506
130;11/07/2019 21:47;72;1016.00;542507
131;06/02/2020 15:06;24;103.20;542508
132;23/01/2020 07:15;61;959.20;542509
133;30/10/2019 01:04;37;1419.80;542510
134;11/10/2018 17:44;46;112.00;542511
135;15/04/2019 14:33;20;2900.00;542512
136;04/12/2019 05:42;4;899.00;542513
137;24/11/2019 05:55;5;2222.40;542514
138;14/07/2019 22:39;75;864.00;542515
139;28/06/2019 22:37;21;166.00;542516
140;03/09/2018 07:15;70;1058.40;542517
141;09/10/2019 17:33;72;1274.00;542518
142;18/04/2019 02:05;10;1832.80;542519
143;30/08/2018 04:53;20;2275.20;542520
144;15/08/2018 06:16;17;86.40;542521
145;17/08/2018 15:51;59;1440.00;542522
146;13/10/2018 11:32;71;3302.60;542523
147;17/07/2019 09:14;36;442.00;542524
148;30/06/2019 08:41;35;2333.20;542525
149;03/09/2018 01:52;25;1903.80;542526
150;04/10/2019 08:22;60;843.20;542527
151;22/03/2019 20:21;71;2736.00;542528
152;12/01/2020 16:47;83;1765.60;542529
153;12/12/2018 06:59;19;3063.00;542530
154;08/07/2019 09:41;65;3868.60;542531
155;18/11/2018 00:35;20;2713.50;542532
156;17/01/2019 09:58;20;1005.90;542533
157;04/02/2020 23:13;49;1675.00;542534
158;17/10/2019 22:18;47;400.00;542535
159;05/07/2018 03:57;62;2018.20;542536
160;21/09/2019 15:00;56;1194.00;542537
161;16/07/2019 23:17;23;1622.40;542538
162;15/01/2020 22:31;54;319.20;542539
163;21/09/2019 15:50;10;802.00;542540
164;31/12/2019 10:43;10;1208.50;542541
165;18/12/2018 03:14;87;372.00;542542
166;12/09/2019 09:08;41;2123.20;542543
167;26/09/2019 09:04;21;231.40;542544
168;30/05/2019 04:05;36;102.40;542545
169;07/05/2019 16:18;87;720.00;542546
170;07/01/2020 20:23;73;11283.20;542547
171;03/07/2018 13:06;63;1814.80;542548
172;10/01/2019 18:30;68;2208.00;542549
173;13/06/2019 15:19;88;1897.60;542550
174;26/12/2019 07:13;61;1273.20;542551
175;18/09/2019 11:16;27;49.80;542552
176;15/02/2020 09:46;31;1020.00;542553
177;14/08/2019 12:08;51;11493.20;542554
178;24/03/2019 06:30;41;480.00;542555
179;13/10/2018 19:14;29;338.20;542556
180;08/06/2019 16:48;59;651.00;542557
181;17/12/2018 23:23;66;192.00;542558
182;13/09/2019 06:40;37;1748.50;542559
183;01/10/2019 08:19;20;5796.00;542560
184;21/06/2019 07:40;10;2523.00;542561
185;11/08/2019 12:31;75;485.00;542562
186;19/06/2019 01:40;60;851.20;542563
187;30/12/2019 17:55;24;360.00;542564
188;24/09/2019 09:44;16;631.60;542565
189;02/03/2020 17:59;7;2210.80;542566
190;17/10/2019 09:53;87;393.00;542567
191;19/12/2019 18:32;79;567.50;542568
192;04/08/2018 12:10;51;1078.00;542569
193;15/08/2019 19:22;71;5793.10;542570
194;14/10/2018 20:27;55;1755.00;542571
195;12/12/2019 21:14;20;1792.00;542572
196;31/10/2019 04:57;66;537.60;542573
197;18/02/2019 19:12;5;1031.70;542574
198;16/05/2019 21:13;5;174.90;542575
199;14/04/2019 10:38;79;273.60;542576
200;23/10/2019 12:37;67;914.40;542577
201;03/05/2019 04:19;64;443.40;542578
202;03/10/2018 06:52;7;1838.20;542579
203;18/12/2018 09:27;84;531.40;542580
204;23/01/2020 01:48;63;4277.40;542581
205;12/11/2019 12:45;71;2096.00;542582
206;18/12/2018 20:29;4;453.00;542583
207;09/02/2020 17:19;41;414.00;542584
208;07/02/2020 09:13;87;2684.00;542585
209;04/01/2020 04:16;39;656.00;542586
210;24/07/2019 03:49;39;1584.00;542587
211;13/04/2019 05:23;76;3891.00;542588
212;26/03/2019 14:37;84;1688.00;542589
213;30/10/2019 08:00;24;234.80;542590
214;01/08/2019 17:19;46;2051.60;542591
215;09/12/2019 13:40;16;156.00;542592
216;30/01/2019 13:33;76;713.30;542593
217;14/10/2018 14:50;28;1848.00;542594
218;17/11/2019 21:37;83;2719.00;542595
219;28/06/2019 23:44;15;216.00;542596
220;29/04/2019 04:58;49;235.20;542597
221;29/08/2019 00:41;39;717.60;542598
222;20/02/2020 22:42;89;1125.50;542599
223;11/11/2019 12:31;9;1820.80;542600
224;18/09/2018 04:35;11;1328.00;542601
225;11/11/2018 10:32;72;1051.20;542602
226;05/09/2019 13:59;38;230.40;542603
227;11/12/2019 11:29;58;1249.10;542604
228;27/10/2018 12:35;76;1770.80;542605
229;26/02/2019 05:36;35;182.40;542606
230;18/02/2019 00:21;60;672.00;542607
231;15/09/2019 08:05;84;496.00;542608
232;08/04/2019 12:27;65;10495.60;542609
233;24/09/2018 13:09;23;756.00;542610
234;17/01/2019 16:31;67;1472.00;542611
235;11/11/2018 05:13;43;147.00;542612
236;04/09/2018 23:42;89;704.00;542613
237;30/12/2019 18:58;11;386.20;542614
238;19/09/2018 18:50;47;1760.00;542615
239;01/03/2020 03:23;35;1272.00;542616
240;09/06/2019 03:31;62;925.10;542617
241;18/11/2019 19:32;25;1560.00;542618
242;28/03/2019 12:16;59;502.20;542619
243;26/09/2019 14:53;35;3163.20;542620
244;08/02/2019 10:42;28;305.30;542621
245;07/07/2019 20:57;10;896.00;542622
246;30/01/2020 10:47;41;676.00;542623
247;30/12/2019 12:10;15;912.00;542624
248;24/07/2019 14:37;42;278.00;542625
249;29/04/2019 11:40;81;200.00;542626
250;14/06/2019 13:38;44;1380.60;542627
251;07/02/2019 19:15;35;575.00;542628
252;04/09/2018 06:28;46;1412.00;542629
253;05/04/2019 10:44;41;550.80;542630
254;03/02/2020 20:23;6;149.00;542631
255;20/02/2019 05:48;58;816.30;542632
256;10/08/2018 03:59;37;2048.50;542633
257;24/10/2018 14:39;89;1388.50;542634
258;03/10/2019 12:25;51;147.90;542635
259;15/10/2018 02:16;39;462.00;542636
260;20/07/2019 23:10;3;881.25;542637
261;13/07/2019 10:10;56;240.00;542638
262;27/10/2018 15:29;6;136.80;542639
263;17/09/2018 11:01;71;4735.44;542640
264;08/08/2018 07:43;9;3000.00;542641
265;25/01/2020 17:40;21;618.00;542642
266;20/04/2019 12:18;86;2427.50;542643
267;29/06/2019 20:38;20;8623.45;542644
268;22/05/2019 04:25;63;10588.50;542645
269;19/12/2019 07:15;37;2614.50;542646
270;20/10/2019 20:09;53;352.00;542647
271;09/12/2018 17:04;80;4150.05;542648
272;03/03/2020 02:04;14;2356.00;542649
273;19/10/2018 02:12;70;200.00;542650
274;17/01/2020 18:56;12;225.50;542651
275;08/08/2018 11:10;44;2657.80;542652
276;09/06/2019 13:09;72;2715.90;542653
277;09/07/2019 05:21;5;3192.65;542654
278;07/02/2019 21:27;9;846.00;542655
279;28/02/2020 07:18;87;1344.00;542656
280;09/12/2019 04:18;63;1670.00;542657
281;12/01/2019 09:43;32;396.20;542658
282;16/07/2018 23:47;50;946.00;542659
283;20/10/2018 05:51;59;4180.00;542660
284;23/11/2019 05:04;54;110.00;542661
285;08/07/2019 15:55;19;796.35;542662
286;31/05/2019 15:29;24;2295.20;542663
287;09/01/2020 04:47;44;517.40;542664
288;04/01/2020 22:33;3;2156.50;542665
289;23/10/2019 12:34;44;2085.00;542666
290;03/11/2018 05:17;68;1823.80;542667
291;25/08/2019 13:50;11;139.80;542668
292;11/11/2019 02:28;11;355.50;542669
293;30/06/2018 15:54;63;10191.70;542670
294;18/06/2019 14:16;34;2162.80;542671
295;17/12/2019 20:42;39;493.80;542672
296;23/07/2019 09:50;46;1770.00;542673
297;31/05/2019 10:11;48;417.20;542674
298;24/11/2019 20:34;43;210.00;542675
299;23/05/2019 21:24;84;2812.00;542676
300;09/10/2018 20:25;72;1908.00;542677
301;19/11/2018 02:00;79;275.10;542678
302;09/08/2019 19:51;63;4181.50;542679
303;07/07/2019 18:23;30;749.00;542680
304;31/07/2018 18:28;28;1836.00;542681
305;29/03/2019 14:18;35;880.50;542682
306;06/08/2018 13:15;87;1546.30;542683
307;22/02/2020 00:26;56;1819.50;542684
308;09/09/2019 05:34;71;3680.50;542685
309;11/07/2019 01:37;73;835.20;542686
310;23/01/2020 14:31;44;1152.50;542687
311;16/11/2019 16:49;4;2142.90;542688
312;07/01/2019 02:40;7;547.80;542689
313;26/08/2018 23:02;25;1257.30;542690
314;28/05/2019 23:16;24;2844.50;542691
315;17/03/2019 20:20;66;543.00;542692
316;02/05/2019 07:00;67;965.00;542693
317;11/11/2018 08:06;65;1299.00;542694
318;04/07/2019 07:37;51;711.00;542695
319;29/01/2019 10:54;7;2040.00;542696
320;26/01/2020 19:49;37;3109.00;542697
321;28/07/2019 02:27;29;155.00;542698
322;23/02/2019 23:54;65;977.50;542699
323;16/07/2018 15:17;51;2595.00;542700
324;18/02/2020 05:51;20;647.75;542701
325;23/10/2019 02:30;5;1565.65;542702
326;26/02/2020 18:05;3;2082.00;542703
327;28/06/2019 08:02;82;764.30;542704
328;03/03/2020 22:04;52;2147.40;542705
329;05/11/2018 22:18;80;838.45;542706
330;06/08/2018 22:24;82;569.00;542707
331;23/08/2019 09:15;11;477.00;542708
332;14/11/2018 11:10;45;317.75;542709
333;14/08/2018 16:10;56;1067.10;542710
334;05/09/2019 11:29;21;387.50;542711
335;26/12/2018 17:01;6;330.00;542712
336;02/02/2019 14:46;87;2413.90;542713
337;31/12/2019 21:55;7;625.00;542714
338;08/03/2019 01:23;88;142.50;542715
339;07/02/2019 01:18;66;28.00;542716
340;23/06/2019 01:28;61;807.38;542717
341;21/11/2019 13:31;63;3900.00;542718
342;28/02/2019 12:21;32;72.00;542719
343;01/05/2019 09:20;51;1140.00;542720
344;28/12/2018 19:42;83;812.50;542721
345;29/02/2020 10:36;44;543.65;542722
346;09/08/2018 13:02;44;2493.00;542723
347;06/02/2019 23:28;55;565.50;542724
348;08/07/2019 16:23;20;6300.00;542725
349;07/02/2020 21:38;89;1476.10;542726
350;08/02/2020 08:07;59;800.10;542727
351;14/01/2020 09:46;65;2388.50;542728
352;10/09/2019 10:39;11;493.00;542729
353;09/11/2019 23:05;36;479.80;542730
354;13/01/2020 21:33;35;2285.00;542731
355;28/09/2018 11:36;83;65.00;542732
356;02/03/2020 07:27;71;1508.00;542733
357;19/05/2019 21:37;28;256.50;542734
358;06/08/2019 01:51;51;4326.00;542735
359;28/08/2019 02:29;81;1413.00;542736
360;25/04/2019 16:58;71;6475.40;542737
361;12/02/2019 04:33;79;1064.00;542738
362;22/02/2019 18:57;18;424.00;542739
363;20/11/2019 08:12;41;399.00;542740
364;18/02/2020 05:17;91;808.00;542741
365;20/02/2019 22:58;71;6375.00;542742
366;01/07/2018 15:03;35;358.00;542743
367;14/12/2019 07:29;6;464.00;542744
368;11/01/2019 11:21;90;120.00;542745
369;03/03/2020 11:28;32;5032.00;542746
370;14/07/2018 18:22;32;1650.00;542747
371;21/09/2018 23:34;51;2697.50;542748
372;11/07/2019 13:49;51;1260.00;542749
373;04/08/2019 19:33;42;57.50;542750
374;16/03/2019 18:24;38;758.50;542751
375;05/10/2018 08:29;67;605.00;542752
376;19/05/2019 23:18;25;1429.75;542753
377;05/10/2018 16:12;78;1393.24;542754
378;09/11/2018 23:11;2;479.75;542755
379;07/07/2019 18:29;5;1503.60;542756
380;19/02/2019 19:57;71;1264.50;542757
381;25/08/2018 19:24;7;450.00;542758
382;12/01/2019 01:18;30;2775.05;542759
383;11/01/2019 06:25;39;918.00;542760
384;24/07/2019 03:19;41;62.00;542761
385;06/11/2018 18:27;86;620.00;542762
386;05/10/2018 22:26;20;6483.05;542763
387;09/10/2018 07:57;23;4985.50;542764
388;29/01/2019 19:32;49;1380.25;542765
389;27/11/2018 11:58;87;629.50;542766
390;20/10/2018 00:19;62;2896.25;542767
391;17/10/2018 12:48;47;2720.05;542768
392;28/01/2019 14:09;70;500.00;542769
393;27/10/2018 18:31;86;945.00;542770
394;28/01/2020 14:15;35;2054.00;542771
395;05/09/2018 10:46;73;870.00;542772
396;25/09/2019 01:15;1;1086.00;542773
397;28/01/2019 06:04;88;1422.00;542774
398;17/05/2019 14:43;34;1535.00;542775
399;21/06/2019 17:29;37;1928.00;542776
400;20/01/2019 05:24;61;636.00;542777
401;18/01/2020 10:40;67;382.50;542778
402;13/07/2019 21:15;50;1434.00;542779
403;09/01/2019 01:23;21;1820.20;542780
404;18/09/2019 03:14;86;530.40;542781
405;20/08/2019 09:12;31;331.78;542782
406;08/11/2018 22:22;25;1203.50;542783
407;27/07/2018 00:23;5;668.70;542784
408;20/06/2019 18:54;66;193.00;542785
409;10/10/2019 18:28;32;671.35;542786
410;10/08/2018 08:44;71;4371.60;542787
411;04/08/2018 13:23;63;4668.00;542788
412;23/08/2018 15:53;62;1291.60;542789
413;14/12/2018 14:21;36;1701.00;542790
414;28/08/2018 10:14;37;703.25;542791
415;14/08/2019 20:14;48;125.00;542792
416;30/07/2018 06:36;9;2032.00;542793
417;27/11/2018 21:23;28;1515.75;542794
418;18/08/2018 01:15;48;1295.00;542795
419;13/08/2019 02:13;68;4666.94;542796
420;21/08/2018 15:26;20;1921.00;542797
421;24/03/2019 23:38;86;694.75;542798
422;18/01/2020 10:02;73;570.00;542799
423;03/01/2019 11:20;25;2301.75;542800
424;10/10/2019 03:42;26;920.10;542801
425;25/12/2019 05:38;5;4210.50;542802
426;22/09/2018 14:10;90;412.35;542803
427;25/07/2018 07:02;38;45.00;542804
428;01/11/2019 04:50;25;1423.00;542805
429;06/12/2019 11:09;80;534.85;542806
430;22/12/2019 03:21;3;956.90;542807
431;24/11/2019 17:25;71;5256.50;542808
432;24/05/2019 15:10;7;660.00;542809
433;13/10/2018 22:44;55;1682.50;542810
434;07/12/2018 08:16;32;1327.00;542811
435;27/10/2019 20:15;3;375.50;542812
436;05/10/2018 12:34;18;63.00;542813
437;22/03/2019 03:13;56;1768.00;542814
438;22/08/2019 12:32;31;801.10;542815
439;05/09/2018 02:04;59;1638.45;542816
440;07/05/2019 21:54;37;6201.90;542817
441;05/11/2018 04:24;83;3490.00;542818
442;17/05/2019 16:26;5;630.00;542819
443;29/02/2020 07:06;34;1150.00;542820
444;20/02/2019 18:20;63;10164.80;542821
445;02/02/2020 23:26;1;878.00;542822
446;26/06/2019 22:20;89;2334.00;542823
447;30/08/2018 16:26;63;4825.00;542824
448;27/09/2019 16:18;90;642.00;542825
449;27/02/2019 16:20;89;996.00;542826
450;08/10/2019 20:55;47;1073.90;542827
451;06/07/2019 04:38;20;3600.73;542828
452;02/10/2019 07:35;52;114.00;542829
453;19/01/2020 10:08;71;2048.00;542830
454;19/02/2019 01:03;37;3370.00;542831
455;19/09/2018 10:58;1;330.00;542832
456;17/05/2019 15:48;24;2545.00;542833
457;10/11/2018 19:12;62;595.50;542834
458;16/05/2019 12:42;35;378.00;542835
459;06/02/2020 16:04;55;1893.00;542836
460;03/11/2018 02:18;4;1704.00;542837
461;10/10/2018 12:28;77;180.40;542838
462;12/11/2018 06:31;31;3424.00;542839
463;04/07/2019 18:18;27;93.50;542840
464;28/01/2019 21:03;71;4451.70;542841
465;22/01/2020 14:28;37;1238.40;542842
466;08/07/2019 17:19;71;2827.90;542843
467;01/12/2018 18:18;71;2941.00;542844
468;26/03/2019 03:40;9;1296.00;542845
469;23/03/2019 21:34;64;706.00;542846
470;09/12/2019 23:56;25;1331.75;542847
471;29/02/2020 04:04;39;3463.00;542848
472;16/02/2019 17:42;45;1125.67;542849
473;14/01/2020 05:22;61;550.00;542850
474;01/04/2019 05:54;63;972.50;542851
475;29/04/2019 01:30;71;1570.00;542852
476;12/09/2018 23:53;89;468.45;542853
477;20/09/2018 07:03;51;638.50;542854
478;03/01/2019 10:45;21;287.80;542855
479;13/09/2018 18:43;19;655.00;542856
480;06/09/2019 01:28;66;1710.00;542857
481;30/09/2018 07:17;62;1296.75;542858
482;29/07/2019 09:07;47;1850.00;542859
483;07/10/2019 20:51;9;509.75;542860
484;08/12/2019 15:02;14;1990.00;542861
485;08/07/2018 09:45;9;360.00;542862
486;05/05/2019 17:44;5;1459.00;542863
487;19/04/2019 08:31;31;1498.35;542864
488;20/12/2019 12:32;45;596.00;542865
489;02/02/2020 10:12;37;997.00;542866
490;04/09/2018 10:32;85;139.80;542867
491;05/09/2019 12:11;74;52.35;542868
492;25/10/2018 13:27;85;240.00;542869
493;04/12/2019 07:47;89;1770.00;542870
494;17/08/2019 06:42;4;285.00;542871
495;12/11/2019 09:16;10;3118.00;542872
496;31/07/2018 23:23;4;336.00;542873
497;18/11/2019 07:11;83;920.00;542874
498;09/02/2020 21:54;63;4529.80;542875
499;16/01/2019 13:03;14;2311.70;542876
500;08/10/2019 00:40;59;1912.85;542877
501;05/11/2019 09:19;71;2196.00;542878
502;30/09/2019 06:41;38;1080.00;542879
503;07/01/2019 15:36;87;1871.25;542880
504;18/01/2019 22:03;68;1701.46;542881
505;13/09/2019 14:35;53;252.00;542882
506;29/06/2019 03:52;27;88.00;542883
507;11/11/2019 22:41;49;55.20;542884
508;24/12/2018 02:59;9;2598.00;542885
509;02/07/2018 06:56;75;2487.50;542886
510;04/10/2018 13:51;71;3082.00;542887
511;19/10/2019 23:35;68;1644.60;542888
512;06/03/2019 12:29;2;320.00;542889
513;06/09/2019 03:45;50;3304.00;542890
514;03/01/2019 02:28;65;629.50;542891
515;09/03/2019 13:12;24;4337.00;542892
516;24/09/2018 20:43;23;616.00;542893
517;19/04/2019 04:05;20;2540.00;542894
518;10/02/2020 16:22;63;1684.00;542895
519;13/02/2019 05:42;56;2310.00;542896
520;21/02/2020 04:34;76;28.00;542897
521;18/10/2019 13:48;4;1477.00;542898
522;26/01/2020 06:25;83;1704.00;542899
523;04/02/2019 11:48;34;315.00;542900
524;23/02/2020 16:52;20;344.00;542901
525;26/11/2019 09:02;44;3603.22;542902
526;23/11/2018 04:42;20;2216.25;542903
527;23/08/2019 21:29;24;875.00;542904
528;03/09/2019 18:29;78;228.00;542905
529;05/04/2019 14:06;20;6984.50;542906
530;14/10/2018 14:07;31;280.00;542907
531;06/05/2019 16:27;5;96.50;542908
532;03/07/2018 13:00;52;1335.00;542909
533;13/05/2019 16:44;46;720.00;542910
534;12/06/2019 17:49;87;1132.35;542911
535;18/12/2018 01:02;12;12.50;542912
536;01/09/2019 11:47;34;1442.50;542913
537;03/08/2019 04:56;49;1650.00;542914
538;03/10/2018 23:26;33;387.50;542915
539;26/11/2019 07:31;62;1913.85;542916
540;10/09/2019 23:24;41;2760.80;542917
541;01/08/2018 08:33;63;770.00;542918
542;17/09/2018 21:39;23;3687.00;542919
543;29/04/2019 09:42;31;850.00;542920
544;16/08/2018 04:43;25;1926.06;542921
545;08/01/2020 19:36;91;399.85;542922
546;02/01/2019 06:59;4;191.10;542923
547;02/11/2019 01:14;61;393.45;542924
548;14/08/2018 17:20;20;2499.25;542925
549;26/02/2020 01:05;35;2878.08;542926
550;04/09/2019 20:32;17;420.00;542927
551;07/06/2019 02:33;38;446.60;542928
552;19/08/2019 22:14;39;1585.00;542929
553;11/09/2019 17:41;72;1632.15;542930
554;27/05/2019 07:48;8;4035.80;542931
555;06/06/2019 09:04;73;3923.75;542932
556;06/10/2018 08:05;88;1255.80;542933
557;22/09/2018 01:17;72;2290.40;542934
558;03/11/2018 05:19;77;2775.00;542935
559;14/07/2019 21:50;84;572.10;542936
560;16/04/2019 18:21;27;18.40;542937
561;11/05/2019 01:22;55;1660.00;542938
562;26/09/2018 09:53;88;140.00;542939
563;21/10/2018 09:26;42;187.00;542940
564;28/04/2019 16:36;47;852.00;542941
565;09/01/2020 16:53;66;1852.00;542942
566;08/08/2018 18:43;67;648.00;542943
567;05/07/2019 09:01;84;2070.00;542944
568;14/11/2019 10:03;71;40.00;542945
569;17/12/2018 20:20;32;8891.00;542946
570;30/01/2020 00:38;39;11490.70;542947
571;18/12/2019 22:18;49;833.00;542948
572;28/05/2019 23:44;12;477.00;542949
573;24/08/2018 02:52;65;1140.00;542950
574;20/11/2019 16:14;75;678.00;542951
575;14/12/2019 08:42;82;237.90;542952
576;03/12/2019 04:56;46;3107.50;542953
577;29/07/2019 08:41;24;250.80;542954
578;13/08/2019 03:42;17;1030.76;542955
579;05/03/2019 02:34;7;730.00;542956
580;14/07/2018 00:53;9;843.00;542957
581;08/01/2020 21:48;64;932.00;542958
582;12/04/2019 05:29;38;1764.00;542959
583;08/07/2019 22:07;81;1974.00;542960
584;31/07/2019 08:15;70;2684.40;542961
585;02/03/2019 09:01;41;568.95;542962
586;07/08/2018 19:29;56;1007.70;542963
587;12/09/2018 10:29;81;1508.12;542964
588;13/03/2019 17:05;1;851.00;542965
589;18/09/2019 16:06;20;4705.50;542966
590;13/02/2019 02:19;5;1254.00;542967
591;23/08/2019 23:27;47;2584.50;542968
592;01/01/2019 11:24;81;919.50;542969
593;09/04/2019 22:48;47;264.00;542970
594;05/03/2019 17:55;76;4581.00;542971
595;27/07/2019 20:16;80;975.00;542972
596;23/02/2020 09:42;84;212.00;542973
597;28/02/2020 08:52;59;735.00;542974
598;01/07/2018 12:18;63;4059.00;542975
599;30/07/2018 01:04;76;1112.00;542976
600;23/11/2018 15:30;71;6164.90;542977
601;28/07/2018 12:25;16;931.50;542978
602;15/05/2019 03:42;39;1052.14;542979
603;06/04/2019 02:24;84;740.00;542980
604;17/09/2019 00:02;67;2740.00;542981
605;26/11/2018 14:05;65;2984.00;542982
606;01/08/2018 10:25;6;625.00;542983
607;25/05/2019 21:57;20;3490.00;542984
608;18/05/2019 03:38;55;2275.25;542985
609;06/07/2018 10:27;3;660.00;542986
610;23/04/2019 18:28;5;2630.95;542987
611;24/02/2019 10:05;40;649.00;542988
612;30/04/2019 18:08;25;1438.25;542989
613;06/01/2019 22:34;26;519.00;542990
614;10/08/2018 09:33;89;3523.40;542991
615;07/03/2019 16:07;44;581.00;542992
616;26/11/2019 14:07;35;519.00;542993
617;10/02/2020 19:19;4;282.00;542994
618;27/12/2018 03:20;63;17250.00;542995
619;25/06/2019 07:52;5;1461.60;542996
620;31/07/2018 02:26;48;98.40;542997
621;02/05/2019 13:42;62;2004.60;542998
622;25/01/2019 10:18;72;1630.00;542999
623;05/11/2018 09:30;91;160.00;543000
624;14/07/2018 15:45;9;2083.40;543001
625;30/04/2019 14:21;30;2166.80;543002
626;05/03/2019 21:39;90;336.80;543003
627;27/05/2019 16:16;30;310.00;543004
628;23/04/2019 02:31;5;729.50;543005
629;03/11/2019 10:56;9;917.00;543006
630;31/05/2019 20:12;67;2086.00;543007
631;21/01/2019 19:19;63;1620.00;543008
632;22/07/2018 11:06;90;611.30;543009
633;19/10/2018 09:39;24;1875.00;543010
634;02/11/2019 14:04;12;150.00;543011
635;30/03/2019 01:30;71;988.40;543012
636;22/11/2019 01:25;48;36.00;543013
637;12/11/2019 23:41;45;1450.60;543014
638;25/06/2019 04:17;76;1209.00;543015
639;24/04/2019 21:31;34;3127.50;543016
640;18/08/2019 21:51;29;70.00;543017
641;14/01/2020 06:47;30;605.00;543018
642;06/06/2019 13:30;65;11380.00;543019
643;18/07/2018 22:18;18;860.10;543020
644;28/04/2019 00:05;44;388.35;543021
645;08/02/2019 02:40;50;2200.00;543022
646;26/01/2019 12:13;39;5502.11;543023
647;19/07/2019 04:10;71;2898.00;543024
648;28/08/2018 05:20;20;6379.40;543025
649;10/07/2019 15:18;50;750.50;543026
650;13/10/2019 09:36;37;10835.24;543027
651;01/03/2020 12:13;54;30.00;543028
652;15/08/2019 05:25;46;144.00;543029
653;10/02/2019 13:34;88;45.00;543030
654;22/11/2019 15:43;35;934.50;543031
655;30/07/2018 21:57;24;1015.80;543032
656;13/10/2019 04:43;34;932.05;543033
657;16/08/2019 13:51;89;1924.25;543034
658;06/08/2018 17:15;88;360.00;543035
659;29/12/2018 21:50;91;427.50;543036
660;02/01/2019 19:29;74;108.50;543037
661;21/07/2019 07:03;66;698.00;543038
662;17/11/2018 21:56;70;670.00;543039
663;09/12/2018 04:37;90;452.90;543040
664;24/07/2019 04:23;30;858.00;543041
665;14/02/2019 05:11;37;8267.40;543042
666;15/02/2020 00:52;62;958.75;543043
667;14/09/2019 20:54;62;537.50;543044
668;29/08/2019 05:04;80;539.50;543045
669;01/01/2019 20:43;64;686.70;543046
670;27/03/2019 04:30;69;365.89;543047
671;25/12/2018 18:30;10;1930.00;543048
672;22/09/2018 06:06;47;1122.80;543049
673;13/11/2019 11:06;4;390.00;543050
674;12/08/2019 21:19;83;1936.00;543051
675;23/12/2019 00:25;34;742.50;543052
676;05/03/2019 07:14;41;936.00;543053
677;19/02/2019 23:03;5;2034.50;543054
678;03/09/2019 20:41;34;559.00;543055
679;04/02/2019 07:21;2;514.40;543056
680;24/08/2019 10:51;40;800.00;543057
681;30/01/2019 05:20;29;137.50;543058
682;30/08/2019 06:12;25;1174.75;543059
683;15/03/2019 12:08;76;2455.00;543060
684;14/07/2018 17:12;68;837.00;543061
685;12/12/2019 02:44;9;1925.50;543062
686;22/11/2018 05:08;38;920.60;543063
687;02/07/2019 18:38;44;500.00;543064
688;20/12/2018 02:52;88;700.00;543065
689;13/07/2019 18:35;32;570.00;543066
690;21/11/2018 09:23;12;644.80;543067
691;18/01/2019 03:19;63;3642.50;543068
692;29/01/2020 11:30;49;750.00;543069
693;13/09/2019 07:44;9;360.00;543070
694;10/10/2019 03:15;71;4769.00;543071
695;04/08/2019 03:10;66;560.00;543072
696;20/02/2020 05:10;11;711.00;543073
697;21/01/2020 13:31;10;1139.10;543074
698;10/09/2019 14:10;52;245.00;543075
699;20/10/2019 05:25;83;1407.50;543076
700;01/10/2019 18:41;11;220.00;543077
701;04/03/2019 15:18;30;2362.25;543078
702;21/10/2019 08:35;10;4422.00;543079
703;22/08/2019 18:08;49;110.00;543080
704;13/08/2018 03:00;68;482.90;543081
705;12/01/2019 09:44;1;491.20;543082
706;20/02/2019 01:47;4;4675.00;543083
707;07/02/2020 02:50;47;1902.10;543084
708;19/07/2019 16:56;24;93.00;543085
709;10/12/2018 03:19;6;677.00;543086
710;04/04/2019 01:51;35;1762.70;543087
711;12/04/2019 09:27;54;781.00;543088
712;18/02/2020 16:48;31;155.00;543089
713;14/04/2019 15:46;35;276.60;543090
714;20/03/2019 16:32;62;1122.00;543091
715;26/09/2019 10:29;63;3584.00;543092
716;02/03/2019 23:55;28;68.00;543093
717;29/10/2019 04:18;74;2052.50;543094
718;05/10/2019 18:52;55;848.00;543095
719;25/02/2019 19:32;14;1255.60;543096
720;05/09/2019 05:12;79;910.40;543097
721;24/01/2019 12:29;20;1408.00;543098
722;27/06/2019 10:59;15;108.00;543099
723;23/01/2020 03:33;8;280.00;543100
724;25/12/2019 05:57;26;1733.06;543101
725;20/07/2019 05:11;40;251.50;543102
726;23/04/2019 07:11;40;291.55;543103
727;27/05/2019 19:29;75;439.00;543104
728;29/11/2018 13:57;10;717.50;543105
729;18/07/2019 23:29;35;912.00;543106
730;17/02/2019 00:39;24;2233.00;543107
731;09/07/2018 03:54;50;1500.70;543108
732;01/02/2020 18:43;20;4813.50;543109
733;24/08/2019 04:57;24;310.00;543110
734;21/06/2019 15:43;34;15810.00;543111
735;05/12/2019 14:52;10;1014.00;543112
736;14/05/2019 00:17;71;796.50;543113
737;20/07/2018 03:59;71;1809.75;543114
738;13/07/2019 20:08;37;2248.20;543115
739;23/02/2020 13:52;54;2220.00;543116
740;04/08/2018 17:03;19;2772.00;543117
741;31/01/2019 09:47;65;3772.00;543118
742;20/06/2019 07:51;61;1353.60;543119
743;27/11/2019 20:02;20;4931.00;543120
744;09/04/2019 01:44;63;2870.00;543121
745;27/10/2019 08:40;77;69.60;543122
746;07/06/2019 11:17;24;6527.25;543123
747;17/03/2019 05:31;83;990.00;543124
748;31/03/2019 16:51;58;1196.00;543125
749;13/02/2020 18:50;63;560.00;543126
750;25/04/2019 03:43;46;1980.00;543127
751;26/05/2019 22:14;91;686.00;543128
752;19/11/2018 14:06;56;1261.00;543129
753;01/06/2019 15:56;65;1075.00;543130
754;25/07/2018 10:28;24;2769.00;543131
755;14/06/2019 05:39;71;1902.00;543132
756;12/09/2019 18:00;78;326.00;543133
757;18/12/2019 11:08;50;295.38;543134
758;09/11/2018 22:46;90;586.00;543135
759;13/04/2019 09:35;32;391.58;543136
760;27/08/2019 13:45;60;2633.90;543137
761;25/07/2018 13:06;20;4903.50;543138
762;27/09/2018 01:21;30;702.00;543139
763;04/07/2019 14:35;66;645.00;543140
764;15/06/2019 17:59;1;960.00;543141
765;30/07/2018 08:18;25;2974.00;543142
766;27/05/2019 12:38;69;361.00;543143
767;01/06/2019 11:25;47;270.20;543144
768;11/09/2018 05:17;70;622.35;543145
769;08/02/2020 17:19;4;491.50;543146
770;19/03/2019 17:51;20;6750.00;543147
771;11/12/2018 01:26;48;1575.00;543148
772;02/08/2018 00:42;64;76.00;543149
773;15/04/2019 11:22;56;744.00;543150
774;26/10/2018 03:48;63;6941.49;543151
775;03/06/2019 21:03;34;1402.00;543152
776;17/10/2018 18:57;11;1500.00;543153
777;25/11/2018 19:43;19;1966.81;543154
778;19/08/2019 16:52;87;300.00;543155
779;05/08/2019 22:16;27;1030.00;543156
780;24/11/2018 22:50;10;1170.30;543157
781;27/11/2018 11:32;39;2160.00;543158
782;05/05/2019 12:18;14;1286.80;543159
783;24/10/2019 12:58;71;16321.90;543160
784;06/03/2019 01:05;71;2393.50;543161
785;21/08/2019 02:38;89;8902.50;543162
786;16/10/2018 07:03;68;3592.00;543163
787;04/12/2019 04:25;55;554.40;543164
788;13/09/2019 09:06;76;1754.50;543165
789;20/07/2018 18:22;17;1692.00;543166
790;14/07/2018 17:38;30;60.00;543167
791;12/07/2018 08:10;76;751.00;543168
792;18/07/2018 11:02;47;3090.00;543169
793;25/08/2018 05:49;32;200.00;543170
794;11/02/2019 19:05;14;1887.00;543171
795;15/06/2019 16:06;15;405.75;543172
796;01/10/2019 09:23;74;210.00;543173
797;09/07/2018 19:43;91;591.60;543174
798;03/12/2019 12:31;10;1309.50;543175
799;24/10/2018 22:35;86;1564.00;543176
800;09/03/2019 04:29;19;1090.50;543177
801;21/04/2019 12:47;10;525.00;543178
802;14/10/2018 12:35;31;342.00;543179
803;19/03/2019 12:43;24;900.00;543180
804;13/07/2019 11:54;41;45.00;543181
805;02/11/2019 07:30;34;1665.00;543182
806;23/09/2018 22:55;59;3658.75;543183
807;06/01/2019 21:14;12;305.00;543184
808;19/09/2018 23:29;35;1727.50;543185
809;26/09/2019 17:50;19;3740.00;543186
810;24/12/2018 02:50;53;45.00;543187
811;17/11/2018 20:48;6;858.00;543188
812;20/12/2018 22:38;67;1838.00;543189
813;21/09/2019 01:53;27;266.00;543190
814;31/10/2019 10:37;32;510.00;543191
815;26/10/2019 09:32;66;508.00;543192
816;02/06/2019 01:56;37;1445.50;543193
817;21/02/2019 04:10;71;4722.30;543194
818;17/12/2018 14:12;46;252.56;543195
819;22/11/2018 09:37;89;928.75;543196
820;01/02/2019 04:34;17;86.85;543197
821;30/07/2018 04:06;62;2384.80;543198
822;26/10/2018 18:57;80;360.00;543199
823;16/11/2019 09:34;44;1873.50;543200
824;15/05/2019 23:06;46;510.00;543201
825;25/09/2018 13:55;20;5218.00;543202
826;02/10/2018 12:23;58;300.00;543203
827;26/01/2019 19:17;73;244.30;543204
828;02/12/2018 21:23;68;586.00;543205
829;25/11/2018 00:13;9;1057.00;543206
830;30/03/2019 08:02;65;1374.60;543207
